#	total_frames:132822	interaction_types:vdw
#	Columns:	residue_1,	residue_2	frame_count	contact_frequency
X:PHE:319	X:TYR:36	0.496
X:GLN:55	X:TYR:318	0.664
X:GLN:324	X:GLY:41	0.209
X:ASP:320	X:GLN:55	0.234
X:GLU:214	X:LYS:348	0.282
X:PRO:95	X:VAL:265	0.403
X:ASN:139	X:THR:402	0.008
X:GLN:38	X:TYR:309	0.595
X:GLN:254	X:GLN:38	0.903
X:LEU:136	X:VAL:400	0.488
X:TYR:318	X:TYR:49	0.690
X:LYS:362	X:SER:132	0.542
X:CYX:215	X:SER:346	0.124
X:ASN:138	X:THR:402	0.154
X:ALA:43	X:TYR:309	0.827
X:GLN:89	X:PHE:319	0.033
X:SER:93	X:TRP:262	0.284
X:GLN:254	X:TYR:87	0.483
X:GLN:161	X:VAL:388	0.561
X:PRO:44	X:TYR:309	0.251
X:TYR:267	X:TYR:94	0.440
X:PHE:385	X:THR:165	0.627
X:LEU:260	X:PHE:99	0.938
X:LEU:46	X:TYR:318	0.627
X:TRP:322	X:TYR:36	0.196
X:GLN:324	X:LYS:42	0.192
X:LEU:91	X:TYR:317	0.297
X:ALA:43	X:GLN:324	0.128
X:ALA:43	X:GLY:323	0.675
X:PRO:95	X:TRP:262	0.945
X:ALA:356	X:PHE:117	0.442
X:GLN:125	X:PHE:341	0.936
X:ASN:139	X:HIE:383	0.132
X:SER:93	X:TYR:317	0.198
X:PRO:44	X:TRP:322	0.941
X:PHE:341	X:SER:122	0.521
X:PHE:385	X:SER:163	0.481
X:PHE:273	X:TYR:94	0.672
X:ASN:138	X:HIE:383	0.346
X:TRP:262	X:TYR:94	0.699
X:ALA:356	X:PHE:119	0.621
X:LEU:343	X:PRO:120	0.284
X:GLU:124	X:PHE:341	0.450
X:ASP:92	X:TRP:262	0.444
X:SER:93	X:TYR:267	0.458
X:PHE:385	X:SER:177	0.775
X:ALA:355	X:PHE:117	0.112
X:PHE:117	X:SER:351	0.150
X:PRO:342	X:SER:122	0.733
X:ASP:92	X:TYR:317	0.168
X:HIE:383	X:THR:165	0.383
X:ASP:168	X:HIE:383	0.230
X:LEU:360	X:SER:132	0.539
X:LEU:260	X:PRO:44	0.464
X:PRO:95	X:SER:264	0.258
X:LEU:343	X:PRO:121	0.036
X:PHE:385	X:SER:175	0.750
X:LEU:343	X:VAL:134	0.445
X:LEU:176	X:PHE:385	0.699
X:PRO:386	X:SER:163	0.835
X:LEU:136	X:PHE:385	0.654
X:PRO:386	X:VAL:164	0.672
X:PHE:273	X:PRO:95	0.537
X:LEU:343	X:PHE:119	0.732
X:ALA:344	X:PHE:119	0.527
X:HIE:383	X:SER:175	0.484
X:LEU:357	X:PHE:119	0.343
X:PHE:385	X:VAL:164	0.107
X:ALA:275	X:PRO:95	0.537
X:PHE:319	X:PHE:99	0.028
X:PRO:95	X:TYR:274	0.468
X:PHE:99	X:TRP:322	0.023
X:ALA:356	X:LEU:136	0.056
X:CYX:215	X:LYS:348	0.302
X:GLU:124	X:VAL:340	0.043
X:PRO:95	X:VAL:263	0.136
X:GLY:97	X:TRP:262	0.115
X:PHE:341	X:SER:128	0.080
X:LEU:46	X:PHE:319	0.307
X:LEU:91	X:TYR:318	0.096
X:PHE:117	X:THR:354	0.096
X:LEU:260	X:TYR:87	0.660
X:LEU:343	X:SER:122	0.173
X:THR:165	X:THR:384	0.181
X:GLN:125	X:LYS:362	0.232
X:SER:93	X:VAL:265	0.014
X:GLN:161	X:LEU:389	0.361
X:SER:163	X:VAL:388	0.298
X:LYS:362	X:THR:181	0.265
X:GLN:125	X:LEU:360	0.090
X:TYR:318	X:TYR:36	0.060
X:HIE:383	X:TYR:174	0.007
X:GLY:259	X:PRO:101	0.123
X:GLY:259	X:TYR:87	0.231
X:ALA:344	X:PRO:120	0.277
X:GLU:166	X:HIE:383	0.044
X:ALA:43	X:TRP:322	0.469
X:GLN:38	X:LEU:260	0.083
X:LYS:42	X:TYR:309	0.277
X:GLY:358	X:PHE:119	0.260
X:GLN:161	X:GLN:390	0.362
X:TYR:317	X:TYR:32	0.044
X:ASP:320	X:LEU:46	0.117
X:PHE:117	X:THR:402	0.078
X:LEU:136	X:THR:402	0.001
X:SER:177	X:SER:398	0.423
X:PHE:99	X:TRP:262	0.156
X:GLY:323	X:PRO:44	0.002
X:GLN:89	X:TRP:262	0.205
X:PHE:99	X:VAL:252	0.046
X:GLU:162	X:VAL:388	0.394
X:LYS:362	X:THR:130	0.025
X:CYX:215	X:SER:349	0.005
X:ASP:316	X:LEU:91	0.044
X:LEU:360	X:VAL:134	0.133
X:ASN:138	X:VAL:400	0.009
X:PHE:119	X:PRO:345	0.086
X:PHE:119	X:VAL:400	0.178
X:LYS:45	X:TRP:322	0.082
X:LYS:208	X:SER:351	0.030
X:GLU:124	X:PRO:342	0.167
X:PRO:96	X:TYR:274	0.108
X:GLN:161	X:SER:396	0.056
X:PRO:386	X:THR:165	0.366
X:LYS:258	X:TYR:87	0.042
X:HIE:383	X:LYS:170	0.003
X:ASP:276	X:PRO:96	0.070
X:HIE:383	X:THR:173	0.009
X:LEU:360	X:THR:179	0.065
X:GLY:100	X:GLY:259	0.120
X:GLY:259	X:PHE:99	0.074
X:PRO:120	X:PRO:345	0.037
X:GLN:161	X:LYS:362	0.001
X:LEU:136	X:SER:399	0.001
X:LYS:258	X:PRO:101	0.082
X:ALA:34	X:TYR:318	0.009
X:LEU:343	X:SER:132	0.010
X:GLU:261	X:PHE:99	0.100
X:GLY:257	X:PRO:101	0.045
X:GLU:166	X:PRO:386	0.004
X:GLY:323	X:LYS:45	0.000
X:GLN:324	X:LYS:45	0.000
X:GLY:257	X:TYR:87	0.002
X:GLN:161	X:SER:391	0.170
X:PHE:210	X:SER:346	0.047
X:GLN:89	X:TYR:317	0.349
X:PHE:210	X:SER:349	0.015
X:ASP:320	X:LYS:45	0.221
X:ALA:275	X:PRO:96	0.018
X:GLU:214	X:SER:349	0.013
X:PRO:120	X:SER:346	0.095
X:LYS:170	X:SER:380	0.008
X:GLN:167	X:HIE:383	0.007
X:ASN:159	X:GLN:390	0.014
X:SER:209	X:SER:349	0.014
X:ILE:118	X:PRO:345	0.020
X:GLN:125	X:LEU:343	0.017
X:GLY:381	X:LYS:170	0.002
X:ALA:356	X:ASN:138	0.005
X:ASP:316	X:TYR:49	0.262
X:GLY:41	X:TYR:309	0.040
X:PRO:120	X:SER:349	0.001
X:GLN:254	X:PRO:44	0.013
X:LYS:208	X:LYS:348	0.171
X:PRO:95	X:TYR:317	0.172
X:PHE:117	X:SER:349	0.397
X:TYR:317	X:TYR:36	0.179
X:PRO:96	X:TRP:262	0.051
X:LYS:348	X:SER:209	0.291
X:ILE:118	X:LYS:348	0.316
X:PHE:119	X:SER:349	0.294
X:ILE:118	X:SER:346	0.028
X:GLU:261	X:THR:98	0.021
X:LEU:46	X:TYR:317	0.098
X:ILE:118	X:SER:349	0.146
X:GLY:97	X:TYR:317	0.148
X:SER:398	X:VAL:134	0.016
X:ALA:387	X:SER:163	0.223
X:PRO:96	X:TYR:317	0.041
X:LEU:137	X:PHE:385	0.174
X:TYR:317	X:TYR:49	0.343
X:GLN:55	X:PHE:319	0.108
X:ALA:344	X:SER:122	0.007
X:SER:56	X:TYR:318	0.175
X:ALA:344	X:PRO:121	0.014
X:GLY:315	X:TYR:49	0.076
X:PHE:117	X:VAL:400	0.063
X:THR:53	X:TYR:318	0.041
X:PRO:95	X:TYR:267	0.012
X:LYS:348	X:PHE:210	0.105
X:LEU:136	X:SER:398	0.155
X:LYS:348	X:PHE:117	0.223
X:LEU:46	X:TRP:322	0.026
X:LEU:54	X:TYR:318	0.024
X:LYS:45	X:TYR:321	0.029
X:SER:56	X:TRP:314	0.094
X:ASP:320	X:SER:56	0.040
X:LYS:208	X:SER:349	0.020
X:SER:177	X:VAL:388	0.138
X:ASN:159	X:SER:391	0.046
X:LEU:260	X:TYR:36	0.015
X:PRO:44	X:VAL:252	0.001
X:ASP:276	X:TYR:94	0.025
X:LYS:279	X:TYR:94	0.007
X:TYR:317	X:TYR:94	0.098
X:PHE:273	X:PRO:96	0.020
X:ASP:316	X:TYR:94	0.000
X:ASP:316	X:PRO:95	0.000
X:ASN:138	X:PHE:385	0.099
X:PHE:99	X:TYR:317	0.065
X:ASP:316	X:ASP:92	0.033
X:PHE:117	X:THR:350	0.120
X:ASN:211	X:LYS:348	0.062
X:SER:349	X:VAL:116	0.001
X:ALA:344	X:CYX:215	0.000
X:ASP:316	X:SER:93	0.144
X:GLY:158	X:SER:391	0.025
X:SER:160	X:SER:391	0.000
X:PHE:119	X:SER:346	0.004
X:ASP:1	X:ASP:276	0.005
X:LYS:348	X:PRO:120	0.017
X:GLN:390	X:THR:181	0.012
X:CYX:215	X:SER:347	0.101
X:ASN:159	X:LYS:362	0.000
X:GLU:214	X:SER:347	0.009
X:GLU:214	X:SER:346	0.033
X:GLN:3	X:LYS:258	0.031
X:GLN:3	X:GLY:259	0.014
X:GLN:3	X:GLY:257	0.004
X:GLN:3	X:LEU:260	0.009
X:GLU:261	X:PRO:95	0.090
X:GLY:97	X:LEU:260	0.049
X:GLN:125	X:PRO:342	0.011
X:LYS:258	X:PHE:99	0.024
X:GLU:261	X:PRO:96	0.026
X:LEU:260	X:PRO:96	0.043
X:LYS:258	X:PRO:96	0.001
X:LEU:260	X:PRO:95	0.005
X:SER:115	X:SER:351	0.020
X:GLY:97	X:LYS:258	0.008
X:LYS:208	X:SER:347	0.002
X:ASP:276	X:PRO:95	0.006
X:LYS:208	X:THR:350	0.032
X:GLY:57	X:TYR:321	0.000
X:THR:179	X:VAL:388	0.048
X:GLN:89	X:LEU:260	0.007
X:ASN:159	X:SER:392	0.000
X:LYS:127	X:PHE:341	0.000
X:GLN:55	X:TRP:314	0.126
X:PHE:341	X:THR:130	0.020
X:SER:396	X:THR:179	0.007
X:LYS:348	X:VAL:116	0.001
X:PHE:117	X:SER:346	0.004
X:GLY:259	X:PRO:96	0.001
X:ASP:1	X:LYS:258	0.018
X:ASP:276	X:ILE:2	0.000
X:SER:351	X:VAL:116	0.027
X:TYR:94	X:VAL:265	0.002
X:ASP:1	X:GLU:261	0.001
X:ALA:275	X:ASP:1	0.000
X:LEU:91	X:TRP:262	0.056
X:ASP:1	X:GLU:303	0.000
X:GLN:3	X:GLU:261	0.000
X:LEU:91	X:PHE:319	0.026
X:LYS:279	X:PRO:96	0.004
X:GLN:90	X:TRP:262	0.001
X:SER:177	X:VAL:400	0.000
X:SER:398	X:THR:179	0.000
X:ALA:50	X:TYR:318	0.009
X:SER:31	X:TYR:318	0.002
X:LEU:33	X:TYR:318	0.001
X:GLN:254	X:GLY:41	0.001
X:GLN:254	X:PRO:40	0.001
X:ASP:316	X:TYR:32	0.000
X:TYR:318	X:TYR:32	0.007
X:TRP:314	X:TYR:49	0.033
X:LEU:46	X:TRP:314	0.019
X:GLN:89	X:TYR:318	0.004
X:GLY:352	X:SER:115	0.000
X:ALA:51	X:TYR:318	0.001
X:ILE:48	X:TYR:318	0.002
X:LEU:136	X:LEU:343	0.002
X:LEU:54	X:TRP:314	0.003
X:ILE:48	X:TRP:314	0.000
X:THR:53	X:TRP:314	0.001
X:TYR:317	X:TYR:87	0.000
X:TRP:322	X:TYR:87	0.001
X:LYS:45	X:PHE:319	0.003
X:TYR:274	X:TYR:94	0.000
X:ASP:313	X:SER:93	0.000
X:THR:350	X:VAL:116	0.001
X:ARG:212	X:LYS:348	0.008
X:GLY:213	X:LYS:348	0.064
X:GLY:100	X:LYS:258	0.009
X:HIE:383	X:LEU:136	0.001
X:LEU:360	X:SER:122	0.001
X:LYS:45	X:TYR:318	0.031
X:LYS:42	X:TYR:321	0.018
X:TYR:318	X:VAL:58	0.006
X:ASN:211	X:SER:349	0.008
X:ASP:316	X:GLN:55	0.008
X:PRO:44	X:TYR:321	0.039
X:ALA:43	X:TYR:321	0.028
X:GLY:323	X:LYS:42	0.001
X:GLN:55	X:TYR:317	0.032
X:GLY:57	X:TYR:318	0.007
X:LYS:170	X:THR:379	0.006
X:PHE:273	X:SER:93	0.008
X:GLY:100	X:LEU:260	0.001
X:GLN:218	X:LYS:45	0.000
X:GLN:90	X:TYR:317	0.043
X:SER:209	X:SER:346	0.002
X:GLN:254	X:PHE:99	0.000
X:PRO:96	X:SER:277	0.000
X:SER:56	X:TYR:321	0.000
X:GLN:161	X:LEU:360	0.000
X:LEU:343	X:VAL:133	0.002
X:THR:98	X:TYR:317	0.010
X:ILE:2	X:LYS:258	0.006
X:ASP:168	X:GLY:381	0.000
X:GLY:259	X:ILE:2	0.000
X:ILE:2	X:LEU:260	0.000
X:GLY:257	X:ILE:2	0.000
X:PHE:341	X:SER:132	0.004
X:GLY:315	X:SER:93	0.004
X:GLN:218	X:LYS:42	0.002
X:GLY:358	X:LEU:136	0.000
X:GLY:352	X:PHE:117	0.000
X:LYS:170	X:VAL:382	0.004
X:ASP:168	X:VAL:382	0.000
X:ASP:316	X:TYR:36	0.000
X:SER:175	X:VAL:400	0.001
X:ASN:138	X:GLY:381	0.002
X:SER:115	X:THR:402	0.000
X:ASN:139	X:GLY:381	0.001
X:ASP:171	X:HIE:383	0.000
X:GLN:254	X:LYS:42	0.000
X:ALA:43	X:GLN:254	0.000
X:SER:115	X:THR:354	0.001
X:LYS:170	X:THR:402	0.000
X:GLN:390	X:THR:179	0.005
X:LYS:362	X:THR:179	0.001
X:PRO:386	X:SER:175	0.082
X:PRO:386	X:SER:177	0.165
X:PHE:117	X:PHE:385	0.027
X:LEU:176	X:PRO:386	0.074
X:GLN:390	X:SER:132	0.008
X:SER:93	X:TYR:248	0.002
X:ALA:131	X:LYS:362	0.000
X:SER:391	X:THR:181	0.009
X:PHE:117	X:PRO:345	0.011
X:GLU:216	X:LYS:42	0.002
X:GLU:216	X:LYS:45	0.006
X:ALA:50	X:TYR:317	0.013
X:LYS:45	X:VAL:217	0.000
X:GLY:41	X:VAL:307	0.000
X:GLU:216	X:GLY:57	0.000
X:GLU:216	X:SER:56	0.000
X:SER:178	X:VAL:388	0.001
X:THR:53	X:TYR:317	0.007
X:ASP:320	X:PRO:44	0.006
X:SER:163	X:SER:398	0.000
X:GLY:352	X:LYS:208	0.000
X:SER:175	X:THR:384	0.023
X:HIE:383	X:PHE:117	0.026
X:ASN:138	X:THR:384	0.005
X:HIE:383	X:SER:115	0.001
X:ASN:211	X:SER:346	0.008
X:ASP:168	X:THR:384	0.000
X:GLY:213	X:SER:347	0.004
X:GLY:213	X:SER:346	0.005
X:ARG:212	X:SER:346	0.002
X:LYS:191	X:LYS:348	0.000
X:ASP:123	X:PRO:342	0.000
X:ASP:1	X:SER:277	0.000
X:ALA:34	X:TYR:317	0.008
X:GLN:55	X:TRP:322	0.000
X:THR:98	X:TRP:262	0.024
X:SER:128	X:SER:339	0.001
X:GLY:102	X:LYS:258	0.002
X:LYS:258	X:THR:85	0.002
X:LYS:104	X:LYS:258	0.000
X:LYS:258	X:PHE:10	0.001
X:GLN:38	X:LYS:258	0.000
X:LYS:258	X:SER:9	0.003
X:LYS:258	X:PRO:40	0.000
X:LYS:258	X:LYS:39	0.000
X:LEU:260	X:THR:98	0.014
X:SER:169	X:SER:380	0.000
X:ASP:168	X:SER:380	0.000
X:GLN:55	X:GLY:315	0.001
X:ASP:92	X:TYR:267	0.000
X:ALA:43	X:GLN:218	0.000
X:GLN:254	X:LYS:39	0.000
X:ASP:320	X:TYR:36	0.001
X:GLN:55	X:TYR:321	0.000
X:ASP:316	X:LEU:46	0.001
X:PHE:319	X:SER:56	0.003
X:PHE:319	X:TYR:49	0.001
X:ALA:51	X:TYR:317	0.002
X:SER:52	X:TYR:318	0.007
X:SER:52	X:TYR:317	0.004
X:LEU:360	X:VAL:133	0.000
X:SER:30	X:TYR:317	0.000
X:LYS:348	X:VAL:192	0.000
X:ASN:211	X:SER:347	0.000
X:GLY:325	X:GLY:41	0.000
X:ASP:316	X:GLN:89	0.005
X:GLU:261	X:GLY:97	0.004
X:ALA:43	X:PHE:319	0.000
X:LYS:42	X:TRP:322	0.001
X:PHE:319	X:PRO:44	0.000
X:GLY:41	X:TRP:322	0.000
X:GLN:38	X:TRP:322	0.000
X:ALA:43	X:VAL:217	0.000
X:GLN:218	X:GLY:41	0.000
X:GLY:259	X:GLY:97	0.009
X:CYX:215	X:PRO:345	0.000
X:LYS:279	X:PRO:95	0.000
X:ASN:138	X:THR:354	0.000
X:SER:93	X:TYR:318	0.003
X:PRO:121	X:PRO:342	0.005
X:LEU:360	X:THR:181	0.000
X:ALA:131	X:PHE:341	0.001
X:SER:157	X:SER:391	0.000
X:PHE:341	X:THR:181	0.001
X:LEU:47	X:TYR:318	0.001
X:SER:160	X:VAL:388	0.000
X:ASN:159	X:VAL:388	0.000
X:ASN:159	X:LEU:389	0.000
X:LEU:389	X:SER:160	0.000
X:GLY:257	X:LYS:104	0.000
X:GLY:353	X:SER:115	0.000
X:SER:31	X:TYR:317	0.005
X:VAL:134	X:VAL:400	0.000
X:ALA:43	X:GLY:325	0.000
X:ASP:1	X:GLY:259	0.000
X:SER:169	X:THR:379	0.000
X:LEU:360	X:THR:130	0.000
X:LYS:348	X:PHE:119	0.000
X:LYS:258	X:THR:98	0.008
X:SER:209	X:THR:350	0.000
X:PHE:210	X:PRO:345	0.000
X:ASP:363	X:THR:130	0.004
X:TRP:262	X:TYR:49	0.001
X:LEU:54	X:TYR:317	0.015
X:LEU:389	X:SER:163	0.001
X:TYR:36	X:VAL:252	0.000
X:GLY:259	X:THR:98	0.006
X:ASN:138	X:SER:351	0.000
X:ASP:363	X:GLN:125	0.007
X:PHE:319	X:SER:93	0.000
X:SER:268	X:TYR:94	0.000
X:GLN:38	X:GLY:257	0.000
X:LYS:258	X:PRO:44	0.000
X:PHE:119	X:SER:398	0.002
X:LEU:389	X:THR:179	0.002
X:GLN:390	X:THR:130	0.000
X:SER:392	X:THR:181	0.000
X:LEU:360	X:PHE:119	0.010
X:SER:396	X:VAL:134	0.000
X:LEU:360	X:PRO:120	0.000
X:ASP:363	X:SER:128	0.000
X:CYX:359	X:PHE:119	0.005
X:PHE:119	X:PHE:341	0.007
X:SER:392	X:THR:130	0.000
X:PHE:119	X:PRO:342	0.001
X:ILE:118	X:LEU:343	0.000
X:LEU:394	X:THR:130	0.000
X:LEU:343	X:PHE:117	0.001
X:GLY:358	X:PHE:117	0.000
X:PHE:119	X:SER:399	0.000
X:GLN:125	X:SER:339	0.001
X:GLY:129	X:SER:392	0.000
X:TRP:262	X:TYR:36	0.002
X:LYS:362	X:SER:122	0.000
X:GLN:125	X:GLN:390	0.000
X:LYS:362	X:VAL:134	0.000
X:PHE:341	X:PRO:120	0.000
X:ALA:43	X:LEU:260	0.000
X:PRO:95	X:SER:277	0.001
X:GLY:257	X:PHE:99	0.001
X:GLU:166	X:THR:384	0.000
X:ALA:344	X:ASP:123	0.000
X:LYS:104	X:PRO:256	0.000
X:LYS:258	X:THR:103	0.000
X:LEU:360	X:PRO:121	0.003
X:PRO:101	X:PRO:256	0.000
X:GLY:315	X:LEU:54	0.000
X:TYR:248	X:TYR:94	0.000
X:GLU:214	X:THR:350	0.000
X:ALA:344	X:GLU:214	0.000
X:PHE:210	X:SER:347	0.000
X:SER:271	X:TYR:94	0.000
X:VAL:164	X:VAL:388	0.002
X:THR:165	X:VAL:388	0.002
X:ASP:168	X:PRO:386	0.001
X:GLN:167	X:PRO:386	0.001
X:ALA:387	X:THR:165	0.000
X:ASN:138	X:PRO:386	0.000
X:GLN:390	X:SER:163	0.000
X:LEU:360	X:SER:177	0.000
X:GLU:166	X:VAL:388	0.000
X:ALA:387	X:GLU:166	0.002
X:LEU:136	X:LEU:360	0.000
X:GLU:214	X:SER:351	0.000
X:GLN:254	X:THR:85	0.000
X:PRO:386	X:THR:173	0.000
X:ASP:320	X:GLY:57	0.001
X:ASP:171	X:SER:380	0.000
X:PRO:345	X:SER:122	0.000
X:GLY:257	X:THR:85	0.000
X:ASP:363	X:GLY:129	0.000
X:GLY:129	X:PHE:341	0.000
X:SER:56	X:TYR:317	0.005
X:PHE:319	X:PRO:95	0.002
X:PRO:95	X:SER:250	0.001
X:ASN:138	X:VAL:401	0.000
X:PRO:44	X:TYR:318	0.000
X:ALA:43	X:ASP:320	0.000
X:GLY:57	X:TRP:314	0.000
X:GLY:257	X:PHE:10	0.000
X:GLU:214	X:PRO:345	0.000
X:GLY:315	X:LEU:91	0.000
X:GLN:390	X:SER:160	0.000
X:ASP:1	X:LEU:260	0.000
X:GLN:324	X:GLN:38	0.000
X:GLU:261	X:ILE:2	0.000
X:GLY:259	X:PRO:44	0.000
X:ASP:316	X:SER:56	0.000
X:LEU:4	X:LYS:258	0.000
X:ARG:301	X:ASP:1	0.000
X:SER:115	X:THR:350	0.002
X:ASN:138	X:THR:350	0.003
X:ASN:139	X:THR:350	0.001
X:LYS:170	X:THR:350	0.000
X:GLY:102	X:GLY:257	0.000
X:SER:128	X:VAL:340	0.000
X:ASN:139	X:THR:354	0.000
X:LEU:136	X:LEU:357	0.000
X:THR:384	X:VAL:164	0.000
X:ASP:92	X:TYR:318	0.002
X:GLY:257	X:THR:98	0.000
X:GLN:89	X:GLY:259	0.002
X:GLY:100	X:GLY:257	0.000
X:LEU:91	X:TRP:314	0.000
X:ASP:276	X:GLY:97	0.000
X:SER:339	X:THR:130	0.000
X:PHE:341	X:PRO:121	0.004
X:PHE:119	X:THR:350	0.000
X:LYS:258	X:TYR:94	0.000
X:LYS:362	X:SER:128	0.000
X:ALA:355	X:ASN:138	0.000
X:CYX:215	X:SER:351	0.000
X:GLN:38	X:PRO:256	0.000
X:GLN:38	X:GLY:259	0.000
X:ASP:92	X:PHE:319	0.000
X:TRP:314	X:VAL:58	0.000
X:LYS:45	X:TRP:314	0.002
X:ALA:344	X:GLN:125	0.000
X:GLN:55	X:GLU:216	0.000
X:ALA:387	X:SER:177	0.000
X:LYS:336	X:SER:128	0.000
