#	total_frames:75000	interaction_types:vdw
#	Columns:	residue_1,	residue_2	frame_count	contact_frequency
X:PRO:386	X:SER:163	0.583
X:PHE:385	X:SER:177	0.930
X:PHE:117	X:SER:351	0.265
X:TYR:317	X:TYR:92	0.965
X:PRO:342	X:SER:122	0.805
X:LEU:47	X:TYR:318	0.885
X:PHE:273	X:SER:95	0.221
X:GLN:254	X:GLN:39	0.804
X:GLN:125	X:PHE:341	0.909
X:LEU:176	X:PHE:385	0.663
X:GLU:162	X:VAL:388	0.186
X:LEU:343	X:PHE:119	0.682
X:PHE:385	X:THR:165	0.829
X:PHE:273	X:PRO:96	0.042
X:ALA:44	X:TYR:309	0.682
X:ALA:356	X:PHE:119	0.800
X:PHE:385	X:SER:163	0.781
X:PHE:119	X:SER:349	0.364
X:LYS:208	X:LYS:348	0.234
X:PHE:341	X:SER:122	0.559
X:PRO:45	X:TRP:322	0.951
X:ILE:118	X:LYS:348	0.447
X:TYR:318	X:TYR:50	0.937
X:PHE:117	X:THR:350	0.166
X:GLN:254	X:TYR:88	0.637
X:LEU:260	X:TYR:88	0.811
X:PHE:319	X:TYR:37	0.973
X:LEU:360	X:SER:132	0.377
X:GLN:39	X:TYR:309	0.759
X:ARG:97	X:ASP:316	0.555
X:TRP:322	X:TYR:37	0.590
X:SER:177	X:SER:398	0.300
X:PRO:386	X:VAL:164	0.826
X:PHE:99	X:VAL:252	0.190
X:GLU:261	X:PHE:99	0.127
X:LEU:343	X:VAL:134	0.561
X:GLN:90	X:PHE:319	0.590
X:PRO:96	X:TRP:262	0.522
X:PHE:385	X:SER:175	0.742
X:GLN:161	X:VAL:388	0.307
X:LEU:260	X:PHE:99	0.948
X:LYS:348	X:PHE:117	0.223
X:GLY:259	X:TYR:88	0.364
X:GLN:161	X:GLN:390	0.183
X:PHE:117	X:SER:349	0.478
X:GLN:161	X:LEU:389	0.178
X:LYS:362	X:THR:181	0.119
X:PHE:99	X:TRP:262	0.194
X:LEU:136	X:PHE:385	0.494
X:LEU:136	X:VAL:400	0.503
X:ALA:44	X:GLY:323	0.823
X:ALA:44	X:TRP:322	0.154
X:LEU:357	X:PHE:119	0.441
X:ALA:344	X:PHE:119	0.613
X:LYS:362	X:SER:132	0.232
X:PHE:385	X:VAL:164	0.320
X:TYR:318	X:TYR:92	0.575
X:TYR:317	X:TYR:33	0.187
X:ASP:316	X:TYR:92	0.297
X:ARG:97	X:TRP:262	0.174
X:LEU:360	X:VAL:134	0.066
X:LYS:348	X:SER:209	0.435
X:GLY:358	X:PHE:119	0.244
X:THR:165	X:THR:384	0.209
X:TYR:318	X:TYR:37	0.708
X:GLU:124	X:PHE:341	0.539
X:LEU:260	X:PRO:45	0.348
X:PRO:45	X:TYR:309	0.379
X:LEU:47	X:PHE:319	0.217
X:ARG:97	X:TYR:317	0.738
X:GLU:124	X:VAL:340	0.083
X:PRO:120	X:SER:346	0.119
X:LEU:360	X:THR:179	0.030
X:ALA:44	X:GLN:324	0.319
X:HID:383	X:THR:165	0.110
X:ASN:138	X:HID:383	0.558
X:ILE:118	X:SER:349	0.271
X:PHE:119	X:VAL:400	0.068
X:ALA:356	X:LEU:136	0.115
X:PHE:319	X:PHE:99	0.693
X:ALA:344	X:PRO:120	0.485
X:PHE:99	X:TRP:322	0.150
X:LYS:348	X:PHE:210	0.141
X:HID:383	X:SER:175	0.357
X:PHE:117	X:THR:354	0.284
X:LEU:343	X:PRO:120	0.299
X:LYS:208	X:THR:350	0.099
X:ALA:356	X:PHE:117	0.600
X:SER:163	X:VAL:388	0.157
X:SER:115	X:SER:351	0.051
X:HID:383	X:LEU:136	0.040
X:GLN:101	X:GLY:259	0.229
X:ASN:138	X:THR:402	0.310
X:GLN:125	X:LYS:362	0.161
X:ARG:97	X:PHE:319	0.632
X:ALA:355	X:PHE:117	0.282
X:PHE:117	X:THR:402	0.124
X:SER:351	X:VAL:116	0.076
X:GLN:125	X:LEU:360	0.092
X:PRO:120	X:SER:349	0.006
X:LYS:362	X:THR:130	0.004
X:LYS:208	X:SER:351	0.082
X:LYS:208	X:SER:347	0.002
X:ASN:139	X:THR:402	0.001
X:ALA:35	X:TYR:318	0.183
X:ARG:46	X:TRP:322	0.125
X:SER:115	X:THR:354	0.001
X:GLN:43	X:TYR:309	0.088
X:PHE:341	X:SER:128	0.063
X:GLY:352	X:SER:115	0.001
X:LEU:343	X:SER:122	0.189
X:GLN:39	X:LEU:260	0.042
X:LEU:47	X:TRP:322	0.012
X:GLY:323	X:PRO:45	0.025
X:GLN:161	X:SER:396	0.042
X:ASN:211	X:LYS:348	0.023
X:ASP:320	X:LEU:47	0.087
X:GLN:324	X:GLN:43	0.149
X:LYS:258	X:TYR:88	0.025
X:GLU:124	X:PRO:342	0.209
X:SER:398	X:VAL:134	0.005
X:PRO:386	X:THR:165	0.054
X:GLN:161	X:SER:391	0.021
X:SER:95	X:TRP:262	0.018
X:LEU:343	X:PRO:121	0.039
X:GLN:90	X:TYR:317	0.351
X:GLN:324	X:GLY:42	0.133
X:GLY:100	X:GLY:259	0.084
X:ASP:276	X:PRO:96	0.004
X:ASP:168	X:HID:383	0.125
X:ASN:139	X:HID:383	0.206
X:HID:383	X:LYS:170	0.020
X:GLN:101	X:LYS:258	0.133
X:ALA:387	X:SER:163	0.028
X:GLU:214	X:LYS:348	0.444
X:THR:350	X:VAL:116	0.002
X:LYS:348	X:PRO:120	0.011
X:LEU:136	X:THR:402	0.001
X:ASP:276	X:GLU:1	0.017
X:CYX:215	X:LYS:348	0.309
X:GLN:161	X:LYS:362	0.002
X:THR:57	X:TYR:321	0.004
X:LYS:170	X:SER:380	0.022
X:ASP:320	X:THR:57	0.000
X:ARG:97	X:TYR:267	0.001
X:GLY:42	X:TYR:309	0.002
X:ASN:159	X:SER:391	0.051
X:ASN:159	X:GLN:390	0.021
X:ASN:159	X:LYS:362	0.005
X:PHE:119	X:PRO:345	0.140
X:LEU:343	X:SER:132	0.028
X:GLN:101	X:GLY:257	0.083
X:PRO:96	X:TYR:274	0.000
X:GLY:100	X:LYS:258	0.008
X:ALA:275	X:PRO:96	0.001
X:SER:95	X:TYR:267	0.005
X:CYX:215	X:SER:347	0.235
X:GLN:90	X:TYR:318	0.108
X:LYS:208	X:SER:349	0.030
X:SER:209	X:SER:349	0.032
X:GLN:125	X:LEU:343	0.024
X:ILE:118	X:PRO:345	0.045
X:CYX:215	X:SER:346	0.424
X:PHE:210	X:SER:346	0.039
X:PRO:120	X:PRO:345	0.077
X:ILE:118	X:SER:346	0.048
X:CYX:215	X:PRO:345	0.002
X:SER:209	X:SER:346	0.009
X:TRP:314	X:TYR:50	0.003
X:SER:349	X:VAL:116	0.002
X:GLU:214	X:SER:347	0.026
X:PHE:117	X:PRO:345	0.011
X:PHE:210	X:SER:349	0.013
X:GLU:214	X:SER:346	0.030
X:ARG:46	X:ASP:320	0.001
X:ARG:46	X:TYR:321	0.011
X:GLU:166	X:PRO:386	0.006
X:LYS:208	X:THR:354	0.000
X:GLN:218	X:GLN:43	0.001
X:LEU:260	X:TYR:37	0.000
X:GLN:43	X:GLY:323	0.001
X:GLY:158	X:SER:391	0.001
X:GLY:102	X:LYS:258	0.006
X:GLY:9	X:LYS:258	0.004
X:LYS:258	X:VAL:86	0.002
X:LYS:104	X:LYS:258	0.000
X:LYS:258	X:THR:10	0.000
X:LYS:258	X:THR:103	0.000
X:ALA:44	X:GLN:218	0.009
X:GLN:254	X:PRO:45	0.005
X:ARG:46	X:GLU:216	0.006
X:ARG:46	X:GLN:218	0.005
X:GLN:39	X:GLY:257	0.000
X:TYR:317	X:TYR:50	0.014
X:GLY:100	X:LEU:260	0.003
X:GLN:218	X:PRO:45	0.000
X:ARG:46	X:GLN:324	0.055
X:ARG:46	X:GLY:323	0.083
X:ARG:97	X:ASP:313	0.673
X:ARG:97	X:TYR:248	0.007
X:ALA:44	X:GLY:325	0.000
X:PHE:341	X:THR:130	0.017
X:GLU:166	X:HID:383	0.002
X:ALA:344	X:SER:122	0.008
X:GLN:125	X:PRO:342	0.015
X:GLN:390	X:THR:181	0.002
X:ARG:97	X:GLY:315	0.386
X:ARG:97	X:VAL:265	0.030
X:ARG:97	X:SER:250	0.135
X:SER:396	X:THR:179	0.002
X:ASP:316	X:SER:95	0.021
X:ARG:97	X:TYR:318	0.184
X:ASP:316	X:TYR:33	0.015
X:ASN:159	X:SER:392	0.000
X:ALA:275	X:GLU:1	0.001
X:ASP:316	X:SER:94	0.001
X:GLY:51	X:TYR:318	0.000
X:ASN:138	X:VAL:400	0.003
X:LEU:136	X:SER:398	0.013
X:ASN:138	X:PHE:385	0.013
X:THR:179	X:VAL:388	0.004
X:LEU:137	X:PHE:385	0.012
X:GLU:216	X:THR:57	0.000
X:ASP:320	X:TYR:50	0.000
X:ARG:97	X:TRP:314	0.053
X:ALA:344	X:PRO:121	0.030
X:GLU:166	X:THR:384	0.000
X:THR:57	X:TRP:314	0.002
X:LYS:170	X:THR:379	0.002
X:GLU:124	X:SER:339	0.001
X:LYS:258	X:VAL:3	0.011
X:LEU:260	X:VAL:3	0.003
X:ASP:123	X:PRO:342	0.000
X:GLU:1	X:LYS:258	0.004
X:SER:32	X:TYR:317	0.004
X:GLU:1	X:GLU:261	0.008
X:ALA:35	X:TYR:317	0.000
X:SER:95	X:VAL:265	0.001
X:ASP:316	X:GLY:93	0.028
X:GLY:93	X:TYR:267	0.000
X:SER:94	X:TYR:267	0.000
X:PHE:119	X:SER:346	0.001
X:PRO:386	X:SER:177	0.012
X:HID:383	X:PHE:117	0.001
X:PHE:117	X:VAL:400	0.004
X:SER:177	X:VAL:388	0.009
X:PRO:386	X:SER:175	0.005
X:LEU:176	X:PRO:386	0.004
X:PHE:117	X:PHE:385	0.001
X:ALA:344	X:ASP:123	0.000
X:GLY:93	X:TYR:317	0.001
X:SER:175	X:THR:384	0.000
X:GLU:1	X:LYS:279	0.000
X:THR:98	X:TRP:262	0.001
X:ASN:138	X:THR:384	0.000
X:SER:178	X:VAL:388	0.000
X:SER:95	X:TYR:274	0.000
X:GLY:213	X:LYS:348	0.019
X:ARG:212	X:LYS:348	0.003
X:GLU:214	X:PRO:345	0.000
X:LEU:136	X:SER:399	0.000
X:ASN:211	X:SER:349	0.002
X:GLY:213	X:SER:346	0.000
X:GLU:214	X:SER:349	0.006
X:CYX:215	X:SER:349	0.009
X:SER:209	X:THR:350	0.000
X:LYS:170	X:VAL:382	0.001
X:ASP:276	X:ILE:2	0.000
X:GLY:381	X:LYS:170	0.000
X:HID:383	X:TYR:174	0.000
X:GLU:261	X:VAL:3	0.000
X:ASN:138	X:THR:354	0.000
X:GLY:259	X:VAL:3	0.001
X:GLY:352	X:LYS:208	0.000
X:LEU:136	X:LEU:343	0.000
X:LEU:360	X:SER:122	0.000
X:ASP:168	X:VAL:382	0.000
X:LYS:348	X:VAL:116	0.000
X:LEU:343	X:VAL:133	0.005
X:PHE:341	X:SER:132	0.008
X:ASN:211	X:SER:346	0.000
X:ALA:356	X:ASN:138	0.001
X:ASN:138	X:GLY:381	0.000
X:SER:175	X:VAL:400	0.000
X:GLU:261	X:THR:98	0.002
X:HID:383	X:THR:173	0.000
X:SER:31	X:TYR:317	0.000
X:GLU:1	X:SER:277	0.000
X:PRO:121	X:PRO:342	0.001
X:GLN:101	X:GLN:254	0.000
X:ASP:363	X:THR:130	0.000
X:SER:398	X:THR:179	0.000
X:ALA:131	X:PHE:341	0.004
X:LEU:360	X:THR:181	0.000
X:PHE:341	X:THR:181	0.001
X:LEU:47	X:TRP:314	0.001
X:LEU:360	X:VAL:133	0.000
X:SER:163	X:SER:398	0.000
X:GLN:324	X:GLN:39	0.000
X:ALA:344	X:CYX:215	0.000
X:LYS:258	X:PHE:99	0.000
X:GLY:259	X:PHE:99	0.000
X:GLY:257	X:TYR:88	0.001
X:GLU:214	X:THR:350	0.000
X:LYS:127	X:PHE:341	0.000
X:SER:95	X:TYR:317	0.008
X:SER:94	X:TYR:317	0.002
X:GLY:315	X:TYR:92	0.002
X:GLY:315	X:TYR:33	0.000
X:LEU:47	X:TYR:321	0.000
X:ALA:56	X:TYR:318	0.000
X:GLN:167	X:HID:383	0.000
X:GLN:101	X:LEU:260	0.000
X:GLN:324	X:PRO:45	0.000
X:SER:95	X:TYR:248	0.000
X:GLU:261	X:ILE:2	0.000
X:GLY:257	X:VAL:86	0.000
X:ILE:2	X:LYS:258	0.000
X:LYS:127	X:SER:339	0.000
X:ALA:56	X:TRP:314	0.000
X:GLN:43	X:GLU:216	0.001
X:ARG:97	X:GLU:261	0.000
X:GLN:43	X:VAL:217	0.000
X:GLU:216	X:PRO:45	0.000
X:ARG:46	X:VAL:217	0.000
X:GLY:315	X:SER:95	0.000
X:LEU:136	X:LEU:357	0.000
X:ALA:44	X:VAL:217	0.000
X:GLU:1	X:GLY:257	0.000
X:GLY:213	X:SER:349	0.000
X:GLY:213	X:SER:347	0.000
X:LYS:191	X:LYS:348	0.000
X:LEU:360	X:THR:130	0.000
X:ASN:138	X:SER:351	0.000
X:GLU:1	X:TRP:262	0.000
X:GLU:1	X:LEU:260	0.000
X:ASP:316	X:PRO:96	0.000
X:PHE:117	X:SER:346	0.000
X:VAL:134	X:VAL:400	0.000
X:GLN:390	X:THR:179	0.000
X:GLN:254	X:PRO:41	0.000
X:GLN:254	X:GLY:42	0.000
X:PRO:96	X:VAL:265	0.000
X:ALA:131	X:LYS:362	0.000
X:GLN:125	X:SER:339	0.000
X:GLY:257	X:VAL:3	0.000
X:ARG:253	X:GLU:1	0.000
X:LYS:362	X:THR:179	0.000
X:ASP:316	X:TYR:50	0.000
X:PRO:96	X:TYR:317	0.000
X:ASP:171	X:SER:380	0.000
X:HID:383	X:SER:169	0.000
X:PHE:341	X:PRO:121	0.000
X:GLN:101	X:PRO:256	0.000
X:SER:160	X:SER:391	0.000
X:ASP:171	X:HID:383	0.000
X:GLN:39	X:LYS:258	0.001
X:LYS:258	X:PRO:41	0.000
X:LYS:258	X:LYS:40	0.000
X:GLU:1	X:GLU:303	0.000
X:ILE:2	X:LEU:260	0.000
X:GLY:257	X:ILE:2	0.000
X:THR:354	X:VAL:116	0.000
